link,image_link
human-connections_education-engagement.html,https://drive.google.com/file/d/1Py3T2bPRz2SeQMUuUD-CQ3rxv7dcfvcg/view?usp=sharing
human-connections_education-engagement.html,https://drive.google.com/file/d/1XEJCXzDknoh459EQBYWJgXizMqDTbdoD/view?usp=sharing
human-connections_education-engagement.html,https://drive.google.com/file/d/1bOlymSCO7Wk7YlxcraSPXEDCCVlRVVov/view?usp=sharing
human-connections_education-engagement.html,https://drive.google.com/file/d/1oxOm1WroCicJwyQn1VY1wnt2WRfujvxR/view?usp=sharing
human-connections_education-engagement.html,https://drive.google.com/file/d/1lg_tPEYlDjRyQUs-XeQ35J7lvVi7nkZ8/view?usp=sharing
human-connections_harvest.html,https://drive.google.com/file/d/13HGDy7sAYBlZXnh_8DgEGQ9tu5nhIYsT/view?usp=sharing
human-connections_harvest.html,https://drive.google.com/file/d/19W2suaCA__GhEZ0EE5szFx8iePs__8l1/view?usp=sharing
human-connections_harvest.html,https://drive.google.com/file/d/1FE0-JhtoNZSUMAS7us3ZMFqzFWGiH93d/view?usp=sharing
human-connections_harvest.html,https://drive.google.com/file/d/1kIBu9_5NV8p2CAz9P9FS8_xzhw03OP4n/view?usp=sharing
human-connections_harvest.html,https://drive.google.com/file/d/15kl5cKqWXIFutgZagixjqnu2c0oYQ_RC/view?usp=sharing
human-connections_harvest.html,https://drive.google.com/file/d/1Lp9SPGkRPqIir6xMu7CTEB8VPqezuCER/view?usp=sharing
human-connections_marine-debris.html,https://drive.google.com/file/d/1z8Di6WaLqJav4G0g8fMVIXzmbhLYaZFK/view?usp=sharing
human-connections_nonconsumptive-recreation.html,https://drive.google.com/file/d/12Wy_ezTmlOECXRzQtl5QTkOZ1ixwrn6o/view?usp=sharing
human-connections_nonconsumptive-recreation.html,https://drive.google.com/file/d/1aWps8ldlEdvbKkqA9Y6Fib75mVGDVsq6/view?usp=sharing
human-connections_nonconsumptive-recreation.html,https://drive.google.com/file/d/1zafDi4FcNOZnOLFTXT4SbzmMC0YS9-VZ/view?usp=sharing
human-connections_nonconsumptive-recreation.html,https://drive.google.com/file/d/1QoCmF8tLFq3Qb1fbFwOOJJp8s_gp5T0r/view?usp=sharing
human-connections_nonconsumptive-recreation.html,https://drive.google.com/file/d/1ho3chF_E7Cbl45zDxIx5r8zCgHZcODeI/view?usp=sharing
human-connections_science.html,https://drive.google.com/file/d/10ixfKS-nqqFlPZLZLQiqpZbKhQacbVCq/view?usp=sharing
human-connections_science.html,https://drive.google.com/file/d/1lg_tPEYlDjRyQUs-XeQ35J7lvVi7nkZ8/view?usp=sharing
human-connections_science.html,https://drive.google.com/file/d/1kqJrdc_dJDq8lc-nPK8dcYARi_MgxGXp/view?usp=sharing
human-connections_science.html,https://drive.google.com/file/d/1Gbh_07T7sFNB_Z3AFQmqEaGnJYJxUFHs/view?usp=sharing
human-connections_vessels.html,https://drive.google.com/file/d/1tTZEF6RRb2BviW9B6ATDSqZ40uEFAAdt/view?usp=sharing
human-connections_vessels.html,https://drive.google.com/file/d/1jqF1-x2IhGXhBf7smEUbbe2SUsk-7kvY/view?usp=sharing
human-connections_wildlife-disturbance.html,https://drive.google.com/file/d/14ctB_iLiA_M_17LBb3RPWK9J8KQr7edE/view?usp=sharing
ocean-climate_nutrients-phytoplankton.html,https://drive.google.com/file/d/1OBB9tTPlEucGpagkcRstW0uGE8uEMIFR/view?usp=sharing
rocky-shore_barnacles.html,https://drive.google.com/file/d/1VbVDOru86cmDJrUCYaBNNd2joC38pLxN/view?usp=sharing
rocky-shore_mussels.html,https://drive.google.com/file/d/1XK9Gwvb2cU9oaZXBQUM-jL2VcDEGIT85/view?usp=sharing
rocky-shore_ochre-star.html,https://drive.google.com/file/d/1ivwZ1IYV9b1Hd0vJt1CLW8KIMzRHenX-/view?usp=sharing
